,103,59,477,510,519,205,21,488,180,64,351,333,130,183,281,65,319,247,341,213
103,1.0,0.2888778304507833,0.15605340567232845,0.6263426410793005,0.3844103360542098,0.1496878383068417,-0.0858712239693979,-0.004340810406290177,-0.23113264284208837,0.027885203001434523,0.15731567909865657,-0.07388735916991006,0.029144342115992643,0.018557188004154672,0.03268120407972711,0.049396040854434206,0.01810807507833543,0.38701186710978663,0.13061851398737784,0.15947589955244132
59,0.2888778304507833,1.0,0.18987542439857008,0.23642672112819924,0.36959022613995124,0.18367817255545155,-0.09382847861709677,0.059443109241581187,-0.15053526452074903,-0.6517952814154263,0.11370914573479185,-0.02392859718746513,0.020730458075706875,0.03908573731478439,0.0483450732976506,-0.5755002889800579,0.04203251919872309,0.37240785796619674,0.16530990872545792,0.11174388041395127
477,0.15605340567232845,0.18987542439857008,1.0,0.0971781099888955,0.1368462320124892,0.9974586154762994,-0.07831020827129682,-0.006735050340535976,0.005304121958363067,-0.053721321981052485,0.046129217924088584,0.20637287692540743,-0.03806175653105333,0.022170670260129175,0.0693346429064936,0.00925754669299745,0.00410441503128668,0.138111934234117,0.9569583230411056,0.0509395685465337
510,0.6263426410793005,0.23642672112819924,0.0971781099888955,1.0,0.29338299559697145,0.09087655224640522,-0.042447875235651994,-0.0027015177066348557,-0.1958422806931781,0.003771799032239761,0.1358640180236816,-0.07698415687737602,0.006560824004119349,0.03465972329777378,0.030374387380308402,0.03784761949530848,0.03382157416703739,0.29519459594181197,0.0797406877245912,0.13389812961457964
519,0.3844103360542098,0.36959022613995124,0.1368462320124892,0.29338299559697145,1.0,0.13574249297010285,-0.043558808135592104,-0.021395903202202304,-0.1864504145997081,0.03889203765983758,0.21600671464269716,-0.11776623988509571,-0.004141980750633696,-0.026619392318149537,0.06126726399261909,0.06617282772817615,-0.018037228673314098,0.9998130384336023,0.1174298189484467,0.21993193148973836
205,0.1496878383068417,0.18367817255545155,0.9974586154762994,0.09087655224640522,0.13574249297010285,1.0,-0.07177905668713097,-0.005360278794910689,0.010483113631418885,-0.04752372319023179,0.038826569689645374,0.2054173733030029,-0.038470776935678304,0.021373412921685608,0.06862455105000206,0.010768940724242105,0.003772889338574321,0.13709592731690437,0.9600698444399091,0.043928343077916016
21,-0.0858712239693979,-0.09382847861709677,-0.07831020827129682,-0.042447875235651994,-0.043558808135592104,-0.07177905668713097,1.0,0.01560080894191894,0.0479716676979745,0.09869924586309577,-0.0881122662353987,0.036374942585703576,0.004005490831531112,-0.09609238524115381,-0.07189167297771565,0.06894996420915965,-0.09495309831790281,-0.04337522907509409,-0.06689759961814207,-0.08198686540944435
488,-0.004340810406290177,0.059443109241581187,-0.006735050340535976,-0.0027015177066348557,-0.021395903202202304,-0.005360278794910689,0.01560080894191894,1.0,0.011583469415251048,-0.06815148457248833,-0.007731064115956474,-0.019414881500009373,-0.008585034320116442,0.019031774868753022,-0.00424908577976221,-0.0661689564769023,0.00771024006952547,-0.02058663748562077,0.002561997178193641,-0.008473333087891785
180,-0.23113264284208837,-0.15053526452074903,0.005304121958363067,-0.1958422806931781,-0.1864504145997081,0.010483113631418885,0.0479716676979745,0.011583469415251048,1.0,-0.005676993953607151,-0.07641901169306194,0.29480401547130886,-0.021497745057688457,-0.12702969130556732,0.022751475851220008,-0.05485871162072891,-0.14202441079807432,-0.18661915561237885,0.014397241826138099,-0.07506088241390658
64,0.027885203001434523,-0.6517952814154263,-0.053721321981052485,0.003771799032239761,0.03889203765983758,-0.04752372319023179,0.09869924586309577,-0.06815148457248833,-0.005676993953607151,1.0,0.04948809984862258,0.015104453014180381,-0.002200564213399366,-0.018265172865011645,-0.07983704511998288,0.9242509513079452,-0.014363219136146776,0.04070400185737621,-0.03612381137650521,0.04893773702215768
351,0.15731567909865657,0.11370914573479185,0.046129217924088584,0.1358640180236816,0.21600671464269716,0.038826569689645374,-0.0881122662353987,-0.007731064115956474,-0.07641901169306194,0.04948809984862258,1.0,-0.0699548731167483,0.06621557827214632,0.03800227174914184,0.029909887057146037,0.047090267278360395,0.03102691665039867,0.2180024446644045,0.03207178726242199,0.989662839628501
333,-0.07388735916991006,-0.02392859718746513,0.20637287692540743,-0.07698415687737602,-0.11776623988509571,0.2054173733030029,0.036374942585703576,-0.019414881500009373,0.29480401547130886,0.015104453014180381,-0.0699548731167483,1.0,0.022982686927606865,-0.09907522096920053,0.014120406516085874,0.026009084095992195,-0.1290254518033647,-0.11774728372854043,0.227552963366638,-0.06319249628664843
130,0.029144342115992643,0.020730458075706875,-0.03806175653105333,0.006560824004119349,-0.004141980750633696,-0.038470776935678304,0.004005490831531112,-0.008585034320116442,-0.021497745057688457,-0.002200564213399366,0.06621557827214632,0.022982686927606865,1.0,-0.043521405470738565,-0.014549637854339497,-0.00933267657996346,-0.05349707133300212,-0.0033955093361196457,-0.028138555102907345,0.06663096717364908
183,0.018557188004154672,0.03908573731478439,0.022170670260129175,0.03465972329777378,-0.026619392318149537,0.021373412921685608,-0.09609238524115381,0.019031774868753022,-0.12702969130556732,-0.018265172865011645,0.03800227174914184,-0.09907522096920053,-0.043521405470738565,1.0,-0.0338205557479056,-0.033056697081851445,0.9846942476507721,-0.026941298107400667,0.02241222569513805,0.044693459281361564
281,0.03268120407972711,0.0483450732976506,0.0693346429064936,0.030374387380308402,0.06126726399261909,0.06862455105000206,-0.07189167297771565,-0.00424908577976221,0.022751475851220008,-0.07983704511998288,0.029909887057146037,0.014120406516085874,-0.014549637854339497,-0.0338205557479056,1.0,-0.05756015486104066,-0.0444805013442459,0.06169580800230253,0.061769254439699946,0.025307556026368992
65,0.049396040854434206,-0.5755002889800579,0.00925754669299745,0.03784761949530848,0.06617282772817615,0.010768940724242105,0.06894996420915965,-0.0661689564769023,-0.05485871162072891,0.9242509513079452,0.047090267278360395,0.026009084095992195,-0.00933267657996346,-0.033056697081851445,-0.05756015486104066,1.0,-0.031072870016710784,0.0676641985355178,0.019342181526810998,0.04310438682978404
319,0.01810807507833543,0.04203251919872309,0.00410441503128668,0.03382157416703739,-0.018037228673314098,0.003772889338574321,-0.09495309831790281,0.00771024006952547,-0.14202441079807432,-0.014363219136146776,0.03102691665039867,-0.1290254518033647,-0.05349707133300212,0.9846942476507721,-0.0444805013442459,-0.031072870016710784,1.0,-0.018160883798522213,0.0048713293025161005,0.03805678915127926
247,0.38701186710978663,0.37240785796619674,0.138111934234117,0.29519459594181197,0.9998130384336023,0.13709592731690437,-0.04337522907509409,-0.02058663748562077,-0.18661915561237885,0.04070400185737621,0.2180024446644045,-0.11774728372854043,-0.0033955093361196457,-0.026941298107400667,0.06169580800230253,0.0676641985355178,-0.018160883798522213,1.0,0.11889235827479153,0.22192675430563077
341,0.13061851398737784,0.16530990872545792,0.9569583230411056,0.0797406877245912,0.1174298189484467,0.9600698444399091,-0.06689759961814207,0.002561997178193641,0.014397241826138099,-0.03612381137650521,0.03207178726242199,0.227552963366638,-0.028138555102907345,0.02241222569513805,0.061769254439699946,0.019342181526810998,0.0048713293025161005,0.11889235827479153,1.0,0.036356103541535394
213,0.15947589955244132,0.11174388041395127,0.0509395685465337,0.13389812961457964,0.21993193148973836,0.043928343077916016,-0.08198686540944435,-0.008473333087891785,-0.07506088241390658,0.04893773702215768,0.989662839628501,-0.06319249628664843,0.06663096717364908,0.044693459281361564,0.025307556026368992,0.04310438682978404,0.03805678915127926,0.22192675430563077,0.036356103541535394,1.0
