Feature,count,mean,std,min,25%,50%,75%,max,Missing Count,Missing Percent
0,1561.0,3014.4528955797564,73.62178674853077,2743.24,2966.26,3011.49,3056.65,3356.35,6,0.3828972559029994
1,1560.0,2495.850230769231,80.40770497881121,2158.75,2452.2475000000004,2499.4049999999997,2538.8225,2846.44,7,0.4467134652201659
2,1553.0,2200.5473177076624,29.513152057457155,2060.66,2181.0444,2201.0667,2218.0555,2315.2667,14,0.8934269304403318
3,1553.0,1396.3766273663878,441.6916403756737,0.0,1081.8758,1285.2144,1591.2235,3715.0417,14,0.8934269304403318
4,1553.0,4.197013135866065,56.35554009369094,0.6815,1.0177,1.3168,1.5257,1114.5366,14,0.8934269304403318
6,1553.0,101.11290824211203,6.237213788938685,82.1311,97.92,101.5122,104.5867,129.2522,14,0.8934269304403318
7,1558.0,0.12182150192554556,0.008961318060306013,0.0,0.1211,0.1224,0.1238,0.1286,9,0.574345883854499
8,1565.0,1.4628616613418528,0.07389656150907685,1.1909999999999998,1.4112,1.4616,1.5169,1.6564,2,0.12763241863433314
9,1565.0,-0.0008410223642172522,0.015116189521664191,-0.0534,-0.0108,-0.0013,0.0084,0.0749,2,0.12763241863433314
10,1565.0,0.0001457507987220444,0.009302105069446658,-0.0349,-0.0056,0.0004,0.0059,0.053,2,0.12763241863433314
11,1565.0,0.9643527795527156,0.012452051783214598,0.6554,0.9581,0.9658,0.9713,0.9848,2,0.12763241863433314
12,1565.0,199.9568092651757,3.2572756729454815,182.094,198.1307,199.5356,202.0071,272.0451,2,0.12763241863433314
14,1564.0,9.005370524296675,2.7965955707527526,2.2493,7.094875,8.966999999999999,10.861875,19.5465,3,0.1914486279514997
15,1564.0,413.08603542199484,17.221094563789936,333.4486,406.12739999999997,412.2191,419.089275,824.9271,3,0.1914486279514997
16,1564.0,9.907602813299233,2.403866634483626,4.4696,9.567625,9.85175,10.128175,102.8677,3,0.1914486279514997
17,1564.0,0.971443925831202,0.012062412664690256,0.5794,0.9682,0.9726,0.9768,0.9848,3,0.1914486279514997
18,1564.0,190.04735358056266,2.7810407145023497,169.1774,188.299825,189.6642,192.189375,215.5977,3,0.1914486279514997
19,1557.0,12.481033975594091,0.217965260098252,9.8773,12.46,12.4996,12.5471,12.9898,10,0.6381620931716656
20,1567.0,1.4050542437779197,0.01673693251882698,1.1797,1.3965,1.406,1.415,1.4534,0,0.0
21,1565.0,-5618.393610223642,626.8221783421311,-7150.25,-5933.25,-5523.25,-5356.25,0.0,2,0.12763241863433314
22,1565.0,2699.3784345047925,295.49853453043056,0.0,2578.0,2664.0,2841.75,3656.25,2,0.12763241863433314
23,1565.0,-3806.2997336741214,1380.1621478092084,-9986.75,-4371.75,-3820.75,-3352.75,2363.0,2,0.12763241863433314
24,1565.0,-298.59813591054314,2902.6901174771046,-14804.5,-1476.0,-78.75,1377.25,14106.0,2,0.12763241863433314
25,1565.0,1.2038447284345049,0.17760047570306497,0.0,1.0948,1.283,1.3043,1.3828,2,0.12763241863433314
26,1565.0,1.938476805111821,0.18949504806307088,0.0,1.9065,1.9865,2.0032,2.0528,2,0.12763241863433314
27,1565.0,6.638627987220448,1.244249271997308,0.0,5.2637,7.2647,7.3297,7.6588,2,0.12763241863433314
28,1565.0,69.49953233226836,3.4611809382184786,59.4,67.3778,69.1556,72.2667,77.9,2,0.12763241863433314
29,1565.0,2.366197444089457,0.4086942024843982,0.6667,2.0889,2.3778,2.6556,3.5111,2,0.12763241863433314
30,1565.0,0.18415891373801918,0.032943943011913765,0.0341,0.1617,0.1867,0.2071,0.2851,2,0.12763241863433314
31,1565.0,3.673189392971246,0.5353218337891784,2.0698,3.3627,3.431,3.5313,4.8044,2,0.12763241863433314
32,1566.0,85.3374687100894,2.026549205778641,83.1829,84.4905,85.13544999999999,85.7419,105.6038,1,0.06381620931716657
33,1566.0,8.960278544061303,1.3444563668120262,7.6032,8.58,8.7698,9.0606,23.3453,1,0.06381620931716657
34,1566.0,50.58263856960409,1.1826181758105365,49.8348,50.25235,50.3964,50.5788,59.7711,1,0.06381620931716657
35,1566.0,64.55578703703704,2.574748594677452,63.6774,64.0248,64.1658,64.3447,94.2641,1,0.06381620931716657
36,1566.0,49.417370498084296,1.1826188859654572,40.2289,49.4212,49.6036,49.74765,50.1652,1,0.06381620931716657
37,1566.0,66.2212735632184,0.3041407986805711,64.9193,66.04065,66.23179999999999,66.343275,67.9586,1,0.06381620931716657
38,1566.0,86.83657656449553,0.4467555823322132,84.7327,86.5783,86.8207,87.0024,88.4188,1,0.06381620931716657
39,1566.0,118.67955440613028,1.8072208583386924,111.7128,118.0156,118.39930000000001,118.9396,133.3898,1,0.06381620931716657
40,1543.0,67.9049092676604,24.06294300863671,1.4340000000000002,74.8,78.29,80.2,86.12,24,1.5315890236119976
41,1543.0,3.3530661697990927,2.3604249902068566,-0.0759,2.69,3.074,3.5210000000000004,37.88,24,1.5315890236119976
43,1566.0,355.53890357598976,6.234706194564162,342.7545,350.801575,353.72090000000003,360.77225,377.2973,1,0.06381620931716657
44,1566.0,10.031165006385697,0.17503759519923412,9.464,9.925425,10.03485,10.152474999999999,11.053,1,0.06381620931716657
45,1566.0,136.74305977011497,7.849247454551085,108.8464,130.72887500000002,136.4,142.098225,176.3136,1,0.06381620931716657
46,1566.0,733.6728114942529,12.170314705663275,699.8139,724.4423,733.45,741.4545,789.7523,1,0.06381620931716657
47,1566.0,1.177958109833972,0.18963690625019128,0.4967,0.985,1.25105,1.34035,1.5111,1,0.06381620931716657
48,1566.0,139.97223090676883,4.5242509086914,125.7982,136.9268,140.00775,143.19570000000002,163.2509,1,0.06381620931716657
50,1566.0,632.254196743295,8.643985374141904,607.3927,625.928425,631.3709,638.1363249999999,667.7418,1,0.06381620931716657
51,1566.0,157.4209913154534,60.92510825477898,40.2614,115.508975,183.31815,206.97715,258.5432,1,0.06381620931716657
53,1563.0,4.592971209213052,0.054949620183109386,3.706,4.574,4.596,4.617,4.763999999999999,4,0.2552648372686663
54,1563.0,4.838522712731926,0.059580672688929186,3.932,4.816,4.843,4.869,5.011,4,0.2552648372686663
55,1563.0,2856.1721049264233,25.749317256276903,2801.0,2836.0,2854.0,2874.0,2936.0,4,0.2552648372686663
56,1563.0,0.9288493282149711,0.006807361515537244,0.8755,0.92545,0.931,0.9331,0.9378,4,0.2552648372686663
57,1563.0,0.9492150351887396,0.004175952180674276,0.9319,0.94665,0.9493,0.952,0.9598,4,0.2552648372686663
58,1563.0,4.593311772232886,0.08509477590107162,4.2199,4.5319,4.5727,4.6686,4.8475,4,0.2552648372686663
59,1560.0,2.9602414743589747,9.532219593731654,-28.9882,-1.871575,0.9472499999999999,4.385225,168.1455,7,0.4467134652201659
60,1561.0,355.15909404228057,6.027888753453348,324.7145,350.5964,353.7991,359.6736,373.8664,6,0.3828972559029994
61,1561.0,10.423142921204356,0.27487688237514923,9.4611,10.283,10.4367,10.5916,11.7849,6,0.3828972559029994
62,1561.0,116.50232882767459,8.629021528561994,81.49,112.0227,116.2118,120.9273,287.1509,6,0.3828972559029994
63,1560.0,13.989926987179485,7.119863108210895,1.6591,10.3643,13.24605,16.3761,188.0923,7,0.4467134652201659
64,1560.0,20.54210903846154,4.977467453454667,6.4482,17.364800000000002,20.021349999999998,22.813625,48.9882,7,0.4467134652201659
65,1560.0,27.131815576923074,7.121703093956383,4.308,23.056425,26.26145,29.91495,118.0836,7,0.4467134652201659
66,1561.0,706.668522869955,11.623078342670448,632.4226,698.7702,706.4536,714.597,770.6084,6,0.3828972559029994
67,1561.0,16.71544356181935,307.5022930665586,0.4137,0.8907,0.9783,1.065,7272.8283,6,0.3828972559029994
68,1561.0,147.43757764253684,4.240095182952078,87.0255,145.2373,147.5973,149.9591,167.8309,6,0.3828972559029994
70,1561.0,619.1016865470853,9.539190367164208,581.7773,612.7745,619.0327,625.17,722.6018,6,0.3828972559029994
71,1561.0,104.32903344010249,31.651898740791477,21.4332,87.4842,102.6043,115.4989,238.4775,6,0.3828972559029994
74,1561.0,0.002687700192184497,0.10618967066673689,0.0,0.0,0.0,0.0,4.1955,6,0.3828972559029994
75,1543.0,-0.006903046014257938,0.022292167022524706,-0.1049,-0.019549999999999998,-0.0063,0.0071,0.2315,24,1.5315890236119976
76,1543.0,-0.02939047310434219,0.03320327939551294,-0.1862,-0.0519,-0.0289,-0.0065,0.0723,24,1.5315890236119976
77,1543.0,-0.007041412832145171,0.03136823307920039,-0.1046,-0.0295,-0.0099,0.00925,0.1331,24,1.5315890236119976
78,1543.0,-0.013642579390797148,0.04787230157881146,-0.3482,-0.0476,-0.0125,0.0122,0.2492,24,1.5315890236119976
79,1543.0,0.003458327932598832,0.023079647668497637,-0.0568,-0.0108,0.0006,0.0132,0.1013,24,1.5315890236119976
80,1543.0,-0.018530784186649385,0.04922601878995139,-0.1437,-0.0445,-0.0087,0.0091,0.1186,24,1.5315890236119976
81,1543.0,-0.021153337653920933,0.017021124441250673,-0.0982,-0.0272,-0.0196,-0.012,0.0584,24,1.5315890236119976
82,1543.0,0.006054893065456903,0.03607430939085071,-0.2129,-0.018,0.0076,0.0269,0.1437,24,1.5315890236119976
83,1566.0,7.452066602809706,0.5162513849989246,5.8257,7.104225,7.4674499999999995,7.807625,8.9904,1,0.06381620931716657
84,1555.0,0.13310790996784566,0.005051301341521237,0.1174,0.1298,0.133,0.1363,0.1505,12,0.7657945118059988
86,1567.0,2.4018715379706443,0.03733186120689418,2.2425,2.37685,2.4039,2.4286,2.5555,0,0.0
87,1567.0,0.982420293554563,0.012847842091247771,0.7749,0.9758,0.9874,0.9897,0.9935,0,0.0
88,1567.0,1807.8150211231653,53.53726220241346,1627.4714,1777.4703,1809.2492,1841.873,2105.1823,0,0.0
89,1516.0,0.18870323218997362,0.05237286447618119,0.1113,0.169375,0.1901,0.200425,1.4727,51,3.2546266751754946
90,1516.0,8827.536865303431,396.3136618600386,7397.31,8564.689975,8825.435099999999,9065.432400000002,10746.6,51,3.2546266751754946
91,1561.0,0.002439846252402307,0.08768295437644351,-0.357,-0.0429,0.0,0.0507,0.3627,6,0.3828972559029994
92,1565.0,0.0005069009584664538,0.003231024228277144,-0.0126,-0.0012,0.0004,0.002,0.0281,2,0.12763241863433314
93,1565.0,-0.000540511182108626,0.003009833796536164,-0.0171,-0.0016,-0.0002,0.001,0.0133,2,0.12763241863433314
94,1561.0,-2.9147982062780273e-05,0.0001741347967703349,-0.002,-0.0001,0.0,0.0001,0.0011,6,0.3828972559029994
95,1561.0,6.0025624599615635e-05,0.00010440797375672332,-0.0009,0.0,0.0,0.0001,0.0009,6,0.3828972559029994
96,1561.0,0.017126649583600256,0.2195781445084066,-1.4803,-0.0886,0.0039,0.122,2.5093,6,0.3828972559029994
98,1561.0,-0.018142664958360026,0.42710978584634884,-5.2717,-0.2188,0.0,0.1893,2.5698,6,0.3828972559029994
99,1561.0,0.001540102498398463,0.062740393429447,-0.5283,-0.0298,0.0,0.0298,0.8854,6,0.3828972559029994
100,1561.0,-2.1268417680973738e-05,0.0003555366912193449,-0.003,-0.0002,0.0,0.0002,0.0023,6,0.3828972559029994
101,1561.0,-7.23894939141576e-06,0.00022076237351255197,-0.0024,-0.0001,0.0,0.0001,0.0017,6,0.3828972559029994
102,1561.0,0.001114606021780909,0.06296766399989996,-0.5353,-0.0357,0.0,0.0336,0.2979,6,0.3828972559029994
103,1565.0,-0.009789073482428114,0.0030645488768766076,-0.0329,-0.0118,-0.0101,-0.0082,0.0203,2,0.12763241863433314
104,1565.0,-1.4632587859424918e-05,0.000850708638613734,-0.0119,-0.0004,0.0,0.0004,0.0071,2,0.12763241863433314
105,1561.0,-0.0004978859705317105,0.0032023291827482773,-0.0281,-0.0019,-0.0002,0.0011,0.0127,6,0.3828972559029994
106,1561.0,0.0005395259449071107,0.0029879127490006346,-0.0133,-0.001,0.0002,0.0016,0.0172,6,0.3828972559029994
107,1561.0,-0.00176591928251121,0.08747477543703755,-0.5226,-0.0486,0.0,0.049,0.4856,6,0.3828972559029994
108,1561.0,-0.010788597053171044,0.08675776525146273,-0.3454,-0.0649,-0.0112,0.038,0.3938,6,0.3828972559029994
112,852.0,0.457537676056338,0.04893948036768213,0.0,0.4593,0.46285,0.466425,0.4885,715,45.628589661774086
113,1567.0,0.9454241863433311,0.01213287211602843,0.8534,0.9386,0.9464,0.9523,0.9763,0,0.0
114,1567.0,0.00012252712188895982,0.0016680941765185792,0.0,0.0,0.0,0.0,0.0414,0,0.0
115,1567.0,747.3837915762605,48.94924986407113,544.0254,721.023,750.8614,776.7818500000001,924.5318,0,0.0
116,1567.0,0.9871299298021697,0.0094965042399418,0.89,0.9895,0.9905,0.9909,0.9924,0,0.0
117,1567.0,58.62590791320995,6.48517445373113,52.8068,57.9783,58.5491,59.1339,311.7344,0,0.0
118,1543.0,0.5984116655865198,0.008101517448429837,0.5274,0.5941,0.599,0.6034,0.6245,24,1.5315890236119976
119,1567.0,0.9707770899808551,0.00894856194452718,0.8411,0.9648,0.9694,0.9783,0.9827,0,0.0
120,1567.0,6.310863050414805,0.12430439087350695,5.1259,6.2464,6.3136,6.37585,7.522,0,0.0
121,1558.0,15.796424903722723,0.0996177237680075,15.46,15.73,15.79,15.86,16.07,9,0.574345883854499
122,1558.0,3.898389602053916,0.9041204721731875,1.671,3.202,3.877,4.392,6.888999999999999,9,0.574345883854499
123,1558.0,15.829659820282414,0.10831493753624595,15.17,15.7625,15.83,15.9,16.1,9,0.574345883854499
124,1558.0,15.794704749679074,0.11414369186392438,15.43,15.7225,15.78,15.87,16.1,9,0.574345883854499
125,1558.0,1.1849557124518615,0.2805546877108019,0.3122,0.9744,1.144,1.338,2.465,9,0.574345883854499
126,1558.0,2.7507284980744546,0.25347081523856796,2.34,2.572,2.735,2.873,3.991,9,0.574345883854499
127,1558.0,0.6484775994865212,0.1354088654417417,0.3161,0.5489,0.6539,0.7135,1.175,9,0.574345883854499
128,1558.0,3.1921822849807446,0.26417454262867024,0.0,3.074,3.195,3.3110000000000004,3.895,9,0.574345883854499
129,1558.0,-0.5542283055198973,1.2204787495960854,-3.779,-0.8988,-0.1419,0.0473,2.458,9,0.574345883854499
130,1558.0,0.7449764441591785,0.08253126367202693,0.4199,0.6887,0.75875,0.8145,0.8884,9,0.574345883854499
131,1558.0,0.9978083440308086,0.002250576394821345,0.9936,0.9964,0.99775,0.9989,1.019,9,0.574345883854499
132,1559.0,2.3185446440025657,0.05318080353310863,2.1911,2.2773,2.3124,2.3583,2.4723,8,0.5105296745373326
133,1559.0,1004.0430934573446,6.537701154618075,980.451,999.9961,1004.05,1008.6706,1020.9944,8,0.5105296745373326
134,1559.0,39.391978511866576,2.9904760832493906,33.3658,37.34725,38.9026,40.8046,64.1287,8,0.5105296745373326
135,1562.0,117.96094750320103,57.54462723964513,58.0,92.0,109.0,127.0,994.0,5,0.3190810465858328
136,1561.0,138.1947469570788,53.909791680681884,36.1,90.0,134.6,181.0,295.8,6,0.3828972559029994
137,1560.0,122.69294871794872,52.2530147577518,19.2,81.3,117.7,161.6,334.7,7,0.4467134652201659
138,1553.0,57.60302459755312,12.345358058102567,19.8,50.9001,55.9001,62.9001,141.7998,14,0.8934269304403318
139,1553.0,416.76696374758535,263.30061396866864,0.0,243.786,339.561,502.2059,1770.6909,14,0.8934269304403318
140,1553.0,26.077903927881515,506.92210649829843,0.0319,0.1317,0.2358,0.4391,9998.8944,14,0.8934269304403318
142,1553.0,6.641564713457824,3.5522542299963913,1.74,5.11,6.26,7.5,103.39,14,0.8934269304403318
143,1558.0,0.004169448010269576,0.001281809325877089,0.0,0.0033,0.0039,0.0049,0.0121,9,0.574345883854499
144,1565.0,0.12000811501597444,0.061342785491063416,0.0324,0.0839,0.1075,0.1327,0.6253,2,0.12763241863433314
145,1565.0,0.06362140575079872,0.026540583373346135,0.0214,0.048,0.0586,0.0718,0.2507,2,0.12763241863433314
146,1565.0,0.05501003194888179,0.021844487744507778,0.0227,0.0423,0.05,0.0615,0.2479,2,0.12763241863433314
147,1565.0,0.01741099041533546,0.027122909963026458,0.0043,0.01,0.0159,0.0213,0.9783,2,0.12763241863433314
148,1565.0,8.471307923322684,18.740631069364888,1.4208,6.3599,7.9173,9.5853,742.9421,2,0.12763241863433314
150,1564.0,6.8142679028133,3.241842630695339,1.337,4.45925,5.951,8.275,22.318,3,0.1914486279514997
151,1564.0,14.047402813299232,31.002541178451466,2.02,8.08975,10.993500000000001,14.347249999999999,536.564,3,0.1914486279514997
152,1564.0,1.1967331841432223,23.364062814247543,0.1544,0.37375,0.4687,0.6799249999999999,924.378,3,0.1914486279514997
153,1564.0,0.011926470588235294,0.009345677016570107,0.0036,0.007275,0.0111,0.0149,0.2389,3,0.1914486279514997
154,1564.0,7.697970907928389,5.239218953897178,1.2438,5.92695,7.5127,9.054675,191.5478,3,0.1914486279514997
155,1557.0,0.5071714836223506,1.1224267752591635,0.14,0.24,0.32,0.45,12.71,10,0.6381620931716656
156,1567.0,0.058088576898532224,0.0791744877182338,0.0111,0.036250000000000004,0.0487,0.0667,2.2016,0,0.0
159,1565.0,882.6805111821086,983.0430214415103,0.0,411.0,623.0,966.0,7791.0,2,0.12763241863433314
160,1565.0,555.3463258785943,574.8085883403089,0.0,295.0,438.0,625.0,4170.0,2,0.12763241863433314
161,1565.0,4066.850479233227,4239.24505784859,0.0,1321.0,2614.0,5034.0,37943.0,2,0.12763241863433314
162,1565.0,4797.15463258786,6553.569317232143,0.0,451.0,1784.0,6384.0,36871.0,2,0.12763241863433314
163,1565.0,0.14020447284345047,0.12198898992468676,0.0,0.091,0.12,0.154,0.957,2,0.12763241863433314
164,1565.0,0.12794249201277952,0.2425336331045254,0.0,0.068,0.089,0.1159999999999999,1.817,2,0.12763241863433314
165,1565.0,0.2520255591054313,0.4073293242260462,0.0,0.132,0.184,0.255,3.286,2,0.12763241863433314
166,1565.0,2.7888817891373803,1.119755905743267,0.8,2.1,2.6,3.2,21.1,2,0.12763241863433314
167,1565.0,1.2357827476038339,0.6327669145242083,0.3,0.9,1.2,1.5,16.3,2,0.12763241863433314
168,1565.0,0.12439680511182108,0.04763862920302921,0.033,0.09,0.119,0.151,0.725,2,0.12763241863433314
169,1565.0,0.40045367412140576,0.19791761488934503,0.046,0.23,0.412,0.536,1.143,2,0.12763241863433314
170,1566.0,0.6843303320561941,0.15746797134498902,0.2979,0.5756,0.6859999999999999,0.7973,1.153,1,0.06381620931716657
171,1566.0,0.12006411238825032,0.06078486855133188,0.0089,0.0798,0.1125,0.1403,0.494,1,0.06381620931716657
172,1566.0,0.3201125159642401,0.07124300579846014,0.1287,0.2766,0.32384999999999997,0.3702,0.5484,1,0.06381620931716657
173,1566.0,0.5761919540229885,0.09573396704620046,0.2538,0.5168,0.5776,0.6345,0.8643,1,0.06381620931716657
174,1566.0,0.3201127713920817,0.07124688599023044,0.1287,0.2765,0.32384999999999997,0.3702,0.5484,1,0.06381620931716657
175,1566.0,0.7780436143039591,0.11632213822392524,0.4616,0.6922,0.7682,0.8439,1.172,1,0.06381620931716657
176,1566.0,0.2447177522349936,0.07491779147962079,0.0735,0.19625,0.2429,0.293925,0.4411,1,0.06381620931716657
177,1566.0,0.39475989782886334,0.2829029611812174,0.047,0.222,0.299,0.423,1.858,1,0.06381620931716657
180,1566.0,19.013256704980844,3.3116324160902977,9.4,16.85,18.69,20.9725,48.67,1,0.06381620931716657
181,1566.0,0.5467701149425287,0.22440175239982996,0.093,0.3779999999999999,0.524,0.68875,3.573,1,0.06381620931716657
182,1566.0,10.780542784163474,4.164050577644839,3.17,7.7325,10.17,13.3375,55.0,1,0.06381620931716657
183,1566.0,26.66117037037037,6.836100919669127,5.013999999999999,21.171499999999998,27.200499999999998,31.687,72.947,1,0.06381620931716657
184,1566.0,0.1448154533844189,0.11019771063307962,0.0297,0.1022,0.1326,0.16914999999999997,3.2283,1,0.06381620931716657
185,1566.0,7.3657407407407405,7.188720312996779,1.94,5.39,6.735,8.45,267.91,1,0.06381620931716657
187,1566.0,17.936289846743293,8.609911713011101,6.22,14.504999999999999,17.865000000000002,20.86,307.93,1,0.06381620931716657
188,1566.0,43.21141826309067,21.71187601683998,6.613,24.711,40.209500000000006,57.67475,191.83,1,0.06381620931716657
195,1563.0,0.287084452975048,0.39518696433610084,0.08,0.218,0.259,0.296,4.838,4,0.2552648372686663
196,1560.0,8.68848717948718,15.720926221143502,1.75,5.04,6.78,9.555,396.11,7,0.4467134652201659
197,1561.0,20.092709801409352,10.552161573356331,9.22,17.13,19.37,21.46,252.87,6,0.3828972559029994
198,1561.0,0.5573587443946189,0.5377051946449523,0.09,0.296,0.424,0.726,10.017,6,0.3828972559029994
199,1561.0,11.532056374119154,16.44555600285298,2.77,6.74,8.57,11.46,390.12,6,0.3828972559029994
200,1560.0,17.60019230769231,8.690718499196093,3.21,14.155000000000001,17.235,20.1625,199.62,7,0.4467134652201659
201,1560.0,7.839358974358974,5.1044949288971635,0.0,5.02,6.76,9.49,126.53,7,0.4467134652201659
202,1560.0,10.170463333333334,14.622904409729585,0.0,6.093999999999999,8.462,11.953,490.561,7,0.4467134652201659
203,1561.0,30.073142729019857,17.461797918207267,7.728,24.653,30.097,33.506,500.349,6,0.3828972559029994
204,1561.0,32.21816886611147,565.1012386167343,0.0429,0.1143,0.1582,0.2307,9998.4483,6,0.3828972559029994
205,1561.0,9.050121716848174,11.541082734748231,2.3,6.04,7.74,9.94,320.05,6,0.3828972559029994
206,1561.0,0.0012812299807815502,0.05062074635525538,0.0,0.0,0.0,0.0,2.0,6,0.3828972559029994
207,1561.0,20.376175528507368,17.497556438702528,4.01,16.35,19.72,22.37,457.65,6,0.3828972559029994
208,1561.0,73.26431646380526,28.067142840732725,5.359,56.158,73.248,90.515,172.34900000000002,6,0.3828972559029994
209,1561.0,0.02956438180653427,1.1680737221475166,0.0,0.0,0.0,0.0,46.15,6,0.3828972559029994
210,1543.0,0.08886578094620869,0.04206453963808064,0.0319,0.0656,0.0797,0.09945000000000001,0.5164,24,1.5315890236119976
211,1543.0,0.0567549578742709,0.02500514369357546,0.0022,0.0438,0.0532,0.0642,0.3227,24,1.5315890236119976
212,1543.0,0.05143208036292936,0.031577643814254805,0.0071,0.0325,0.0416,0.06245,0.5941,24,1.5315890236119976
213,1543.0,0.06034614387556708,0.05302956395031068,0.0037,0.0364,0.0559999999999999,0.0737,1.2837,24,1.5315890236119976
214,1543.0,0.08326843810758262,0.05645567199791888,0.0193,0.0568,0.0754,0.09355,0.7615,24,1.5315890236119976
215,1543.0,0.08107556707712249,0.03043682160672054,0.0059,0.0632,0.0825,0.0983,0.3429,24,1.5315890236119976
216,1543.0,0.08348353856124432,0.025764309384381366,0.0097,0.06955,0.0846,0.09755,0.2828,24,1.5315890236119976
217,1543.0,0.07163538561244329,0.04628346265847662,0.0079,0.0458,0.0617,0.08635000000000001,0.6744,24,1.5315890236119976
218,1566.0,3.771465389527459,1.1704360886275393,1.034,2.9461000000000004,3.63075,4.40475,8.8015,1,0.06381620931716657
219,1555.0,0.0032540192926045017,0.0016461065915743328,0.0007,0.0023,0.003,0.0038,0.0163,12,0.7657945118059988
221,1567.0,0.06071754945756221,0.02330522674165929,0.02,0.0402,0.0609,0.0765,0.2305,0,0.0
222,1567.0,0.008821186981493298,0.055936767099401666,0.0003,0.0014,0.0023,0.0055,0.9911,0,0.0
223,1567.0,122.84657102744097,55.15600267648893,32.2637,95.14735,119.436,144.5028,1768.8802,0,0.0
224,1516.0,0.059370448548812654,0.07121124469042601,0.0093,0.029775,0.0398,0.0613,1.4361,51,3.2546266751754946
225,1516.0,1041.0565875989446,433.1700758034397,168.7998,718.7253499999999,967.2998,1261.2998,3601.2998,51,3.2546266751754946
227,1565.0,0.019125047923322685,0.010755712754397951,0.0062,0.0132,0.0165,0.0212,0.1541,2,0.12763241863433314
228,1565.0,0.0178444089456869,0.01074487814635285,0.0072,0.0126,0.0155,0.02,0.2133,2,0.12763241863433314
238,1565.0,0.004791373801916932,0.0016979477507117167,0.0013,0.0037,0.0046,0.0057,0.0244,2,0.12763241863433314
239,1565.0,0.004574888178913737,0.0014414052325399055,0.0014,0.0036,0.0044,0.0053,0.0236,2,0.12763241863433314
247,852.0,0.053373591549295774,0.06688019872989498,0.0,0.0192,0.027,0.0515,0.4914,715,45.628589661774086
248,1567.0,0.025171218889597953,0.04923507178550761,0.003,0.0147,0.021,0.0273,0.9732,0,0.0
249,1567.0,0.001065220165922144,0.015770787828204697,0.0,0.0,0.0,0.0,0.4138,0,0.0
250,1567.0,109.65096668793873,54.597273986975544,21.0107,76.13215,103.0936,131.7584,1119.7042,0,0.0
251,1567.0,0.004284811742182515,0.037472492069381025,0.0003,0.0007,0.001,0.0013,0.9909,0,0.0
252,1567.0,4.645114869176771,64.35475571189654,0.7673,2.20565,2.8646,3.79505,2549.9885,0,0.0
253,1543.0,0.033216202203499676,0.022425105715950116,0.0094,0.0245,0.0308,0.0379,0.4517,24,1.5315890236119976
254,1567.0,0.01394320357370772,0.009132138563170602,0.0017,0.0047,0.015,0.0213,0.0787,0,0.0
255,1567.0,0.4038481174218251,0.1203341684201354,0.1269,0.3076,0.4051,0.48095,0.9255,0,0.0
267,1559.0,0.07058691468890313,0.02964867144185025,0.0198,0.044,0.0706,0.09165000000000001,0.1578,8,0.5105296745373326
268,1559.0,19.504676715843488,7.344404399628268,6.098,13.828,17.977,24.653,40.855,8,0.5105296745373326
269,1559.0,3.7778656831302118,1.152329079925915,1.3017,2.9565,3.7035,4.3794,10.1529,8,0.5105296745373326
270,1562.0,29.26029052496799,8.402012633351179,15.5471,24.9823,28.7735,31.7022,158.526,5,0.3190810465858328
271,1561.0,46.05659814221653,17.86643760258941,10.4015,30.0139,45.6765,59.5947,132.6479,6,0.3828972559029994
272,1560.0,41.298147435897434,17.737513289361313,6.9431,27.092724999999998,40.01925,54.277325,122.1174,7,0.4467134652201659
273,1553.0,20.18124616870573,3.8304625092009634,8.6512,18.2471,19.5809,22.0973,43.5737,14,0.8934269304403318
274,1553.0,136.2924256922086,85.60778449225228,0.0,81.2156,110.6014,162.0382,659.1696,14,0.8934269304403318
275,1553.0,8.693212749517064,168.94941267400492,0.0111,0.0447,0.0784,0.1449,3332.5964,14,0.8934269304403318
277,1553.0,2.2107444945267223,1.1964372795250324,0.5615,1.6977,2.0831,2.5143,32.1709,14,0.8934269304403318
278,1558.0,0.0011174582798459563,0.0003400339387536143,0.0,0.0009,0.0011,0.0013,0.0034,9,0.574345883854499
279,1565.0,0.04105686900958467,0.020289164688217655,0.0107,0.0283,0.0372,0.0458,0.1884,2,0.12763241863433314
280,1565.0,0.018033546325878592,0.006483010889275725,0.0073,0.0142,0.0169,0.0207,0.0755,2,0.12763241863433314
281,1565.0,0.01509405750798722,0.005545481256159795,0.0069,0.0119,0.0139,0.0166,0.0597,2,0.12763241863433314
282,1565.0,0.005769840255591053,0.008550366665537237,0.0016,0.0033,0.0053,0.0071,0.3083,2,0.12763241863433314
283,1565.0,2.8039842811501594,5.8643238075385336,0.505,2.2104,2.658,3.1462,232.8049,2,0.12763241863433314
285,1564.0,2.1197953324808183,0.9629227396279495,0.4611,1.438175,1.87515,2.60695,6.8698,3,0.1914486279514997
286,1564.0,4.26001783887468,9.763829303611644,0.728,2.4672,3.36005,4.311425,207.0161,3,0.1914486279514997
287,1564.0,0.3675292838874679,7.386342752978486,0.0513,0.114875,0.13895000000000002,0.19845,292.2274,3,0.1914486279514997
288,1564.0,0.003923657289002558,0.002936095295730202,0.0012,0.0024,0.0036,0.0049,0.0749,3,0.1914486279514997
289,1564.0,2.5785959718670073,1.6169932742272342,0.396,2.0921250000000002,2.5490000000000004,3.024525,59.5187,3,0.1914486279514997
290,1557.0,0.12342697495183043,0.27098702834075605,0.0416,0.0649,0.0833,0.1181,4.4203,10,0.6381620931716656
291,1567.0,0.019926228462029356,0.02554882126842164,0.0038,0.0125,0.0169,0.0236,0.6915,0,0.0
294,1565.0,401.81475022364225,477.0500761816525,0.0,185.0898,278.6719,428.5545,3933.755,2,0.12763241863433314
295,1565.0,252.99911814696486,283.5307018043663,0.0,130.2203,195.8256,273.9526,2005.8744,2,0.12763241863433314
296,1565.0,1879.2283690095846,1975.1113652390666,0.0,603.0329,1202.4121,2341.2887,15559.9525,2,0.12763241863433314
297,1565.0,2342.82697827476,3226.9242979623277,0.0,210.9366,820.0988,3190.6164,18520.4683,2,0.12763241863433314
298,1565.0,0.06380447284345048,0.06422486764861535,0.0,0.0407,0.0528,0.0692,0.5264,2,0.12763241863433314
299,1565.0,0.06026683706070288,0.13082538246147596,0.0,0.0302,0.04,0.052,1.0312,2,0.12763241863433314
300,1565.0,0.11838619808306708,0.2191471659850006,0.0,0.0589,0.0828,0.1155,1.8123,2,0.12763241863433314
301,1565.0,0.9101459424920129,0.33198168690319163,0.31,0.7172,0.8604,1.0464,5.711,2,0.12763241863433314
302,1565.0,0.4033423003194888,0.1975139946152524,0.1118,0.2958,0.3808,0.477,5.1549,2,0.12763241863433314
303,1565.0,0.0403438338658147,0.014510612418506173,0.0108,0.03,0.0388,0.0486,0.2258,2,0.12763241863433314
304,1565.0,0.1320764856230032,0.06486740634401707,0.0138,0.0728,0.1372,0.1785,0.3337,2,0.12763241863433314
305,1566.0,0.26491679438058746,0.05738748874740393,0.1171,0.225,0.2643,0.3075,0.475,1,0.06381620931716657
306,1566.0,0.048623116219667945,0.025399957777037786,0.0034,0.0331,0.0448,0.0552,0.2246,1,0.06381620931716657
307,1566.0,0.12892094508301405,0.027467646411038542,0.0549,0.1137,0.1295,0.1476,0.2112,1,0.06381620931716657
308,1566.0,0.21841424010217114,0.033593215620837266,0.0913,0.1976,0.21945,0.2379,0.3239,1,0.06381620931716657
309,1566.0,0.1289212643678161,0.02747010529499158,0.0549,0.1137,0.1295,0.1476,0.2112,1,0.06381620931716657
310,1566.0,0.30475178799489144,0.04345984588638992,0.1809,0.27855,0.3029,0.3319,0.4438,1,0.06381620931716657
311,1566.0,0.09734431673052361,0.028796173472484938,0.0328,0.0776,0.0977,0.1159,0.1784,1,0.06381620931716657
312,1566.0,0.16005083014048532,0.11731574841762066,0.0224,0.0915,0.1215,0.160175,0.7549,1,0.06381620931716657
316,1566.0,5.976977011494252,1.0186291821386317,2.7882,5.301525,5.8315,6.5478000000000005,13.0958,1,0.06381620931716657
317,1566.0,0.17262911877394635,0.07239235980809001,0.0283,0.11737500000000001,0.1634,0.2181,1.0034,1,0.06381620931716657
318,1566.0,3.1887704980842915,1.2159299661071454,0.9848,2.319725,2.8989000000000003,4.02125,15.8934,1,0.06381620931716657
319,1566.0,7.916036079182631,2.17905879570771,1.6574,6.24515,8.3888,9.481100000000001,20.0455,1,0.06381620931716657
320,1566.0,0.04310491698595147,0.03188479233423949,0.0084,0.0312,0.03985,0.0502,0.9474,1,0.06381620931716657
321,1566.0,2.2637273946360152,2.116994491020851,0.6114,1.670075,2.07765,2.63335,79.1515,1,0.06381620931716657
323,1566.0,5.393419795657725,2.5188593358869564,1.7101,4.27295,5.4588,6.344875,89.1917,1,0.06381620931716657
324,1566.0,13.332171711366538,6.615849551191287,2.2345,7.5786,12.5045,17.925175,51.8678,1,0.06381620931716657
331,1563.0,0.08323186180422265,0.063424505382566,0.0224,0.0688,0.0848,0.0956,1.0959,4,0.2552648372686663
332,1560.0,2.5934845512820512,5.645225833657501,0.5373,1.5465499999999999,2.0627000000000004,2.7905249999999997,174.8944,7,0.4467134652201659
333,1561.0,6.215865791159512,3.4034468352849374,2.8372,5.4539,5.9801,6.5495,90.5159,6,0.3828972559029994
334,1561.0,0.16836386931454195,0.17288255254879842,0.0282,0.0894,0.1294,0.2104,3.4125,6,0.3828972559029994
335,1561.0,3.426925112107623,5.781558467381748,0.7899,2.0357,2.5135,3.3604,172.7119,6,0.3828972559029994
336,1560.0,9.73638641025641,7.556130948920659,5.2151,8.288525,9.073550000000001,10.041625,214.8628,7,0.4467134652201659
337,1560.0,2.3274816025641023,1.6994348058989959,0.0,1.54285,2.05445,2.785475,38.8995,7,0.4467134652201659
338,1560.0,3.037579935897436,5.645021949935593,0.0,1.9013499999999999,2.5608500000000003,3.40545,196.688,7,0.4467134652201659
339,1561.0,9.328957719410635,6.074701971319436,2.2001,7.5889,9.4742,10.4399,197.4988,6,0.3828972559029994
340,1561.0,14.673506598334402,261.73845149875376,0.0131,0.0346,0.0464,0.0668,5043.8789,6,0.3828972559029994
341,1561.0,2.732093657911595,3.667901967754305,0.5741,1.9118,2.3773,2.9854,97.7089,6,0.3828972559029994
342,1561.0,0.00028648302370275463,0.011318798885035097,0.0,0.0,0.0,0.0,0.4472,6,0.3828972559029994
343,1561.0,6.198508263933376,5.371825069596769,1.2565,4.9989,6.0056,6.8852,156.336,6,0.3828972559029994
344,1561.0,23.217146252402305,8.895221076950302,2.056,17.8609,23.2147,28.8731,59.3241,6,0.3828972559029994
347,1561.0,0.008913965406790519,0.35218624965473616,0.0,0.0,0.0,0.0,13.9147,6,0.3828972559029994
348,1543.0,0.02470570317563189,0.011862481313499935,0.0103,0.018,0.0226,0.0273,0.22,24,1.5315890236119976
349,1543.0,0.02525223590408295,0.010603207483607125,0.001,0.0196,0.024,0.0286,0.1339,24,1.5315890236119976
350,1543.0,0.023202073882047956,0.01432565504901551,0.0029,0.0146,0.0188,0.0285,0.2914,24,1.5315890236119976
351,1543.0,0.027584251458198317,0.024562918063232752,0.002,0.0166,0.0253,0.0339,0.6188,24,1.5315890236119976
352,1543.0,0.02335573558003888,0.013157153635568708,0.0056,0.016,0.022,0.0269,0.1429,24,1.5315890236119976
353,1543.0,0.040330524951393394,0.015499273073510783,0.0026,0.0302,0.0421,0.0502,0.1535,24,1.5315890236119976
354,1543.0,0.041920998055735584,0.013067898600812283,0.004,0.03485,0.0442,0.05,0.1344,24,1.5315890236119976
355,1543.0,0.03454309786130914,0.022306691777344106,0.0038,0.0212,0.0294,0.0423,0.2789,24,1.5315890236119976
356,1566.0,1.298628607918263,0.3869176053477393,0.3796,1.0254750000000001,1.2553,1.533325,2.8348,1,0.06381620931716657
357,1555.0,0.0009988424437299035,0.0005009244455283376,0.0003,0.0007,0.0009,0.0011,0.0052,12,0.7657945118059988
359,1567.0,0.019839948947032542,0.007136357506797489,0.0076,0.0138,0.0196,0.025,0.0888,0,0.0
360,1567.0,0.0029448627951499675,0.020002568739022588,0.0001,0.0004,0.0007,0.0018,0.409,0,0.0
361,1567.0,39.93640625398851,17.056304026488174,10.7204,32.1687,39.6961,47.0792,547.1722,0,0.0
362,1516.0,0.01838291556728232,0.021644055236286344,0.0028,0.0095,0.0125,0.0186,0.4163,51,3.2546266751754946
363,1516.0,333.3196009894459,138.80192793728307,60.9882,228.682525,309.83164999999997,412.329775,1072.2031,51,3.2546266751754946
365,1565.0,0.0051985303514377,0.002656010245061626,0.0017,0.0038,0.0046,0.0058,0.0368,2,0.12763241863433314
366,1565.0,0.0048139936102236415,0.0023824490853868044,0.002,0.0035,0.0043,0.0054,0.0392,2,0.12763241863433314
367,1561.0,0.0037732863549007037,0.002699080570067803,0.0,0.0026,0.0032,0.0042,0.0357,6,0.3828972559029994
368,1561.0,0.0031716207559256892,0.0021066824081722064,0.0,0.0022,0.0028,0.0036,0.0334,6,0.3828972559029994
376,1565.0,0.0016008306709265176,0.0005343500725944657,0.0004,0.0013,0.0016,0.0019,0.0082,2,0.12763241863433314
377,1565.0,0.0015707348242811503,0.0004665400582248408,0.0004,0.0013,0.0015,0.0018,0.0077,2,0.12763241863433314
385,852.0,0.011426995305164318,0.01436562841639247,0.0,0.0053,0.0068,0.011325,0.2073,715,45.628589661774086
386,1567.0,0.008280791320995531,0.015488133549750038,0.0008,0.0048,0.0068,0.0093,0.3068,0,0.0
387,1567.0,0.00033924696873005735,0.0049893344938820305,0.0,0.0,0.0,0.0,0.1309,0,0.0
388,1567.0,35.15509112954691,17.227003219757325,6.3101,24.38655,32.5307,42.65245,348.8293,0,0.0
389,1567.0,0.0013383535417996171,0.011816004389790637,0.0001,0.0002,0.0003,0.0004,0.3127,0,0.0
390,1567.0,1.4318675175494575,20.3264151271033,0.3046,0.67515,0.8773,1.1482,805.3936,0,0.0
391,1543.0,0.010955994815294879,0.006737707837632237,0.0031,0.0083,0.0102,0.0124,0.1375,24,1.5315890236119976
392,1567.0,0.004532801531589022,0.0029555534671379764,0.0005,0.0015,0.0049,0.0069,0.0229,0,0.0
393,1567.0,0.13398953414167197,0.03840849260500818,0.0342,0.1044,0.1339,0.1604,0.2994,0,0.0
405,1559.0,0.02420750481077614,0.010728270039700985,0.0062,0.0139999999999999,0.0239,0.0323,0.0514,8,0.5105296745373326
406,1559.0,6.730614945477869,2.8295832878176426,2.0545,4.5476,5.9201,8.5852,14.7277,8,0.5105296745373326
407,1559.0,1.2319973059653624,0.3647111336304682,0.424,0.9665,1.2397,1.4167,3.3128,8,0.5105296745373326
408,1562.0,5.340931882202304,2.5781176672891375,2.7378,4.1278,4.9224499999999995,5.7871,44.31,5,0.3190810465858328
409,1561.0,4.580430301089045,1.7768432482370566,1.2163,3.0128,4.4897,5.9367,9.5765,6,0.3828972559029994
410,1560.0,4.9293441025641025,2.122977939052172,0.7342,3.265075,4.732749999999999,6.4583,13.8071,7,0.4467134652201659
411,1553.0,2.6160863490019315,0.5514741690393612,0.9609,2.3213,2.5481,2.8532,6.215,14,0.8934269304403318
412,1553.0,30.911316355441084,18.413621577973736,0.0,18.4079,26.1569,38.1397,128.2816,14,0.8934269304403318
413,1553.0,25.61268969735995,47.30846281727361,4.0416,11.3758,20.2551,29.3073,899.1189999999999,14,0.8934269304403318
415,1553.0,6.630615904700579,3.958371425739251,1.534,4.9274,6.1766,7.5707,116.8615,14,0.8934269304403318
416,1558.0,3.4043485237483955,1.0354331579490537,0.0,2.6601,3.234,4.0107,9.69,9,0.574345883854499
417,1565.0,8.190905495207668,4.0545151785465565,2.1531,5.7655,7.3956,9.1688,39.0376,2,0.12763241863433314
418,1565.0,320.2592353354633,287.70448241162677,0.0,0.0,302.1776,524.0022,999.316,2,0.12763241863433314
419,1565.0,309.0612991054313,325.4483912877321,0.0,0.0,272.4487,582.9352,998.6813,2,0.12763241863433314
420,1565.0,1.8212613418530355,3.057692275808107,0.4411,1.0304,1.6451,2.2147,111.4956,2,0.12763241863433314
421,1565.0,4.174523514376997,6.913855226180046,0.7217,3.1842,3.9431,4.7843,273.0952,2,0.12763241863433314
423,1564.0,77.66044590792839,32.59693287559445,23.02,55.976675,69.90545,92.91149999999999,424.2152,3,0.1914486279514997
424,1564.0,3.315468542199488,6.3253650946585225,0.4866,1.9652500000000002,2.6671,3.470975,103.1809,3,0.1914486279514997
425,1564.0,6.79631246803069,23.257715596229374,1.4666,3.7662,4.7644,6.8835,898.6085,3,0.1914486279514997
426,1564.0,1.233857608695652,0.9956200684322506,0.3632,0.743425,1.1353,1.5395,24.9904,3,0.1914486279514997
427,1564.0,4.058500831202046,3.0421444954151333,0.6637,3.113225,3.94145,4.76865,113.223,3,0.1914486279514997
428,1557.0,4.220747463070006,10.632730122912243,1.1198,1.9355,2.5341,3.609,118.7533,10,0.6381620931716656
429,1567.0,4.171843650287173,6.435390493557366,0.7837,2.5713999999999997,3.4538,4.7558,186.6164,0,0.0
430,1565.0,18.421600063897763,36.06008447354801,0.0,6.9997,11.1056,17.4231,400.0,2,0.12763241863433314
431,1565.0,22.358304920127793,36.39540753203448,0.0,11.059,16.381,21.7652,400.0,2,0.12763241863433314
432,1565.0,99.36763265175719,126.18871499540555,0.0,31.0324,57.9693,120.1729,994.2857,2,0.12763241863433314
433,1565.0,205.51930440894571,225.77887027188953,0.0,10.0271,151.1156,305.0263,995.7447,2,0.12763241863433314
434,1565.0,14.733945495207667,34.10885406654277,0.0,7.5507,10.1977,12.7542,400.0,2,0.12763241863433314
435,1565.0,9.370665559105431,34.369788819490914,0.0,3.4944,4.5511,5.8228,400.0,2,0.12763241863433314
436,1565.0,7.513266325878594,34.55780389217089,0.0,1.9509,2.7643,3.8222,400.0,2,0.12763241863433314
437,1565.0,4.016785495207667,1.6112736720855252,1.1568,3.0707,3.7809,4.6786,32.274,2,0.12763241863433314
438,1565.0,54.70105188498402,34.108051385106016,0.0,36.2903,49.0909,66.6667,851.6129,2,0.12763241863433314
439,1565.0,70.64394204472845,38.37617776213928,14.1206,48.1738,65.4378,84.9734,657.7621,2,0.12763241863433314
440,1565.0,11.526616549520767,6.169470770313719,1.0973,5.4141,12.0859,15.7964,33.058,2,0.12763241863433314
441,1566.0,0.8020809706257984,0.18421271107607257,0.3512,0.6796,0.8076,0.9276,1.2771,1,0.06381620931716657
442,1566.0,1.345258684546616,0.6591945579551075,0.0974,0.90765,1.2645499999999998,1.577825,5.1317,1,0.06381620931716657
443,1566.0,0.6339410600255428,0.14355204755671536,0.2169,0.5505,0.6435,0.733425,1.0851,1,0.06381620931716657
444,1566.0,0.8950427841634738,0.15552170737704213,0.3336,0.8048,0.9027000000000001,0.9888,1.3511,1,0.06381620931716657
445,1566.0,0.6470899106002553,0.14125217772776266,0.3086,0.5558,0.6511,0.7484,1.1087,1,0.06381620931716657
446,1566.0,1.1750031928480202,0.17615820845233035,0.6968,1.0468,1.1638,1.2723,1.7639,1,0.06381620931716657
447,1566.0,0.2818953384418902,0.08646076351049817,0.0846,0.2261,0.2797,0.33882499999999993,0.5085,1,0.06381620931716657
448,1566.0,0.3322701149425288,0.23627532761965628,0.0399,0.1877,0.2512,0.3511,1.4754,1,0.06381620931716657
452,1566.0,5.3468155810983395,0.9191963782506015,2.6709,4.7642,5.27145,5.913,13.9776,1,0.06381620931716657
453,1566.0,5.460971264367817,2.2508044285391753,0.9037,3.747875,5.2271,6.902475,34.4902,1,0.06381620931716657
454,1566.0,7.883741570881225,3.0596604010061013,2.3294,5.806525,7.4249,9.576775000000001,42.0703,1,0.06381620931716657
455,1566.0,3.636633461047254,0.9383721211041947,0.6948,2.8996750000000002,3.7245,4.341925,10.184,1,0.06381620931716657
456,1566.0,12.325685376756066,8.125875878592854,3.0489,8.816575,11.3509,14.3879,232.1258,1,0.06381620931716657
457,1566.0,5.26366570881226,4.53773652964822,1.4428,3.827525,4.79335,6.08945,164.1093,1,0.06381620931716657
459,1566.0,2.838380140485313,1.3455762779675442,0.991,2.291175,2.83035,3.3092249999999996,47.7772,1,0.06381620931716657
460,1566.0,29.197413601532567,13.335188892539882,7.9534,20.22185,26.16785,35.278800000000004,149.3851,1,0.06381620931716657
467,1563.0,6.252090658989124,8.673723727949763,1.7163,4.6975,5.645,6.3869,109.0074,4,0.2552648372686663
468,1560.0,224.1730472435897,230.76691495133312,0.0,38.472775,150.3401,335.92240000000004,999.877,7,0.4467134652201659
469,1561.0,5.66229269698911,3.151684683718798,2.6009,4.8472,5.4724,6.0057,77.8007,6,0.3828972559029994
470,1561.0,5.367751761691223,4.9833666916925035,0.8325,2.8233,4.0611,7.0068,87.1347,6,0.3828972559029994
471,1561.0,9.63879679692505,10.174117047695473,2.4026,5.8073,7.396,9.7202,212.6557,6,0.3828972559029994
472,1560.0,137.8884057051282,47.698041338021866,11.4997,105.52515,138.25515000000001,168.410125,492.7718,7,0.4467134652201659
473,1560.0,39.42684705128205,22.457103880741066,0.0,24.9008,34.24675,47.727850000000004,358.9504,7,0.4467134652201659
474,1560.0,37.63704974358974,24.822917866633844,0.0,23.1565,32.820049999999995,45.169475000000006,415.4355,7,0.4467134652201659
475,1561.0,4.2625733504164,2.6111739765726782,1.1011,3.4945,4.2762,4.7418,79.1162,6,0.3828972559029994
476,1561.0,20.13215464445868,14.93958973418616,0.0,11.5771,15.9738,23.7372,274.8871,6,0.3828972559029994
477,1561.0,6.257921460602177,10.185026114844831,1.6872,4.1054,5.2422,6.7038,289.8264,6,0.3828972559029994
478,1561.0,0.12812299807815503,5.062074635525537,0.0,0.0,0.0,0.0,200.0,6,0.3828972559029994
479,1561.0,3.2833942344650864,2.638608319672745,0.6459,2.6277,3.1845,3.6253,63.3336,6,0.3828972559029994
480,1561.0,75.53813094170404,35.752493321756106,8.8406,52.8945,70.4345,93.1196,221.9747,6,0.3828972559029994
482,1543.0,318.41844847699286,281.01132344861566,0.0,0.0,293.5185,514.5859,999.4135,24,1.5315890236119976
483,1543.0,206.56419598185354,192.86441252605448,0.0,81.31615,148.3175,262.86525,989.4737,24,1.5315890236119976
484,1543.0,215.28894802333116,213.12663798938698,0.0,76.4554,138.7755,294.66705,996.8586,24,1.5315890236119976
485,1543.0,201.11172838626052,218.69001540828836,0.0,50.38355,112.9534,288.89345000000003,994.0,24,1.5315890236119976
486,1543.0,302.50618554763446,287.3640702281875,0.0,0.0,249.927,501.60745,999.4911,24,1.5315890236119976
487,1543.0,239.45532611795204,263.8376452668167,0.0,55.55515,112.2755,397.50609999999995,995.7447,24,1.5315890236119976
488,1543.0,352.6164769280622,252.04375135066138,0.0,139.91435,348.5294,510.64715,997.5186,24,1.5315890236119976
489,1543.0,272.16970738820476,228.04670199625264,0.0,112.85925,219.4872,377.1442,994.0035,24,1.5315890236119976
490,1566.0,51.35404521072797,18.048612145684256,13.7225,38.3911,48.55745,61.494725,142.8436,1,0.06381620931716657
491,1555.0,2.442673118971061,1.2242828496170284,0.5558,1.7471,2.2508,2.8398,12.7698,12,0.7657945118059988
493,1567.0,2.5300463943841733,0.9739482901380285,0.833,1.6637499999999998,2.5291,3.1991,9.4024,0,0.0
494,1567.0,0.9564419910657307,6.615200266560572,0.0342,0.139,0.2325,0.563,127.5728,0,0.0
495,1567.0,6.807825717932355,3.2600194416023847,1.7719999999999998,5.2746,6.6079,7.8972,107.6926,0,0.0
496,1516.0,29.865896437994724,24.62158630762343,4.8135,16.342299999999998,22.0391,32.438475,219.6436,51,3.2546266751754946
497,1516.0,11.82102994722955,4.9566469784566225,1.9496,8.15035,10.90655,14.46905,40.2818,51,3.2546266751754946
499,1565.0,263.19586434504794,324.77134168195846,0.0,0.0,0.0,536.2046,1000.0,2,0.12763241863433314
500,1565.0,240.9813768690096,323.0034102258164,0.0,0.0,0.0,505.401,999.2337,2,0.12763241863433314
510,1565.0,55.76350843450479,37.691735602274036,0.0,35.3222,46.9861,64.2487,451.4851,2,0.12763241863433314
511,1565.0,275.97945674121405,329.66468041158004,0.0,0.0,0.0,555.2941,1000.0,2,0.12763241863433314
519,852.0,11.728439906103286,15.814419874330685,0.0,4.1603,5.83295,10.97185,184.3488,715,45.628589661774086
520,1567.0,2.6959992980216976,5.702366390511981,0.3121,1.5521500000000001,2.221,2.9036999999999997,111.7365,0,0.0
521,1567.0,11.610079706445436,103.12299573442073,0.0,0.0,0.0,0.0,1000.0,0,0.0
522,1567.0,14.728865922144223,7.10443490065628,2.6811,10.1828,13.7426,17.808950000000003,137.9838,0,0.0
523,1567.0,0.4538964262922782,4.1475806334485945,0.0258,0.07305,0.1,0.13319999999999999,111.333,0,0.0
524,1567.0,5.687781620931717,20.663414187041248,1.3104,3.76965,4.8771,6.4506499999999996,818.0005,0,0.0
525,1543.0,5.560397342838626,3.920369755608116,1.54,4.1015,5.1342,6.3294999999999995,80.0406,24,1.5315890236119976
526,1567.0,1.4434574984045947,0.9584275329713078,0.1705,0.4842,1.5501,2.2116499999999997,8.2037,0,0.0
527,1567.0,6.395717038927887,1.8886975959742711,2.17,4.89545,6.4108,7.594250000000001,14.4479,0,0.0
539,1559.0,3.0342348941629247,1.2529130384380884,0.8516,1.8899,3.0548,3.947,6.5803,8,0.5105296745373326
540,1559.0,1.9428280949326489,0.7319283271893036,0.6144,1.3853,1.7855,2.4583500000000003,4.0825,8,0.5105296745373326
541,1559.0,9.61162809493265,2.896375799624502,3.2761,7.49575,9.4593,11.2384,25.7792,8,0.5105296745373326
542,1565.0,0.11120843450479233,0.002736759413485171,0.1053,0.1096,0.1096,0.1134,0.1184,2,0.12763241863433314
543,1565.0,0.008470862619808306,0.0015335446409861135,0.0051,0.0078,0.0078,0.009,0.024,2,0.12763241863433314
544,1565.0,0.0025092012779552716,0.00029552015522922185,0.0016,0.0024,0.0026,0.0026,0.0047,2,0.12763241863433314
545,1565.0,7.611403130990415,1.3155442597144669,4.4294,7.1160000000000005,7.1160000000000005,8.0207,21.0443,2,0.12763241863433314
546,1307.0,1.039630298393267,0.38906580941832136,0.4444,0.7975,0.9111,1.2855500000000002,3.9786,260,16.592214422463307
547,1307.0,403.54647742922725,5.06388723553502,372.822,400.694,403.122,407.43100000000004,421.702,260,16.592214422463307
548,1307.0,75.6798714613619,3.3905233432159747,71.038,73.25399999999999,74.084,78.397,83.72,260,16.592214422463307
549,1307.0,0.6632564651874522,0.6733457486710267,0.0446,0.22625,0.471,0.8503499999999999,7.0656,260,16.592214422463307
550,1307.0,17.013312930374905,4.966953947064532,6.11,14.53,16.34,19.035,131.68,260,16.592214422463307
551,1307.0,1.2307115531752104,1.3611173002144201,0.12,0.87,1.15,1.37,39.33,260,16.592214422463307
552,1307.0,0.27668798775822495,0.27623064546809084,0.0187,0.0949,0.1979,0.35845,2.7182,260,16.592214422463307
553,1307.0,7.703873527161439,2.192647285688347,2.786,6.7381,7.4279,8.63715,56.9303,260,16.592214422463307
554,1307.0,0.5036574598316756,0.5988519979364184,0.052,0.3438,0.4789,0.56235,17.4781,260,16.592214422463307
555,1307.0,57.746537184391734,35.20755227346542,4.8269,27.0176,54.4417,74.62870000000001,303.55,260,16.592214422463307
556,1307.0,4.216904514154551,1.2800084208134206,1.4967,3.6251,4.0671,4.7027,35.3198,260,16.592214422463307
557,1307.0,1.6230700076511093,1.8704334384919217,0.1646,1.1829,1.5298,1.8156,54.2917,260,16.592214422463307
558,1566.0,0.9950089399744572,0.08385953711268757,0.8919,0.9552,0.9727,1.0008,1.5121,1,0.06381620931716657
559,1566.0,0.3257081736909323,0.20139186986927257,0.0699,0.14982499999999999,0.2909,0.4436,1.0737,1,0.06381620931716657
560,1566.0,0.0724434227330779,0.051577825356765514,0.0177,0.0362,0.0592,0.089,0.4457,1,0.06381620931716657
561,1566.0,32.28495593869732,19.026081423650705,7.2369,15.76245,29.73115,44.1134,101.1146,1,0.06381620931716657
562,1294.0,262.72968315301387,7.630585273216422,242.286,259.9725,264.272,265.707,311.404,273,17.42182514358647
563,1294.0,0.6796407264296753,0.12175776137289002,0.3049,0.5671,0.651,0.768875,1.2988,273,17.42182514358647
564,1294.0,6.44498454404946,2.6335832675831226,0.97,4.98,5.16,7.8,32.58,273,17.42182514358647
565,1294.0,0.1456095054095827,0.08112235463523564,0.0224,0.0877,0.11954999999999999,0.18614999999999998,0.6892,273,17.42182514358647
566,1294.0,2.610869629057187,1.0327611589163015,0.4122,2.0902,2.15045,3.098725,14.0141,273,17.42182514358647
567,1294.0,0.06008639876352396,0.032760950249756275,0.0091,0.0382,0.04865,0.07527500000000001,0.2932,273,17.42182514358647
568,1294.0,2.452416924265842,0.9966441742590869,0.3706,1.8844,1.9997,2.97085,12.7462,273,17.42182514358647
569,1294.0,21.11767403400309,10.213294338381658,3.2504,15.4662,16.98835,24.772175,84.8024,273,17.42182514358647
570,1567.0,530.5236234205488,17.49973601796463,317.1964,530.7027,532.3982,534.3564,589.5082,0,0.0
571,1567.0,2.1018363114231016,0.27511184455412296,0.9802,1.9829,2.1186,2.2906500000000003,2.7395,0,0.0
572,1567.0,28.45016502871729,86.30468130478187,3.54,7.5,8.65,10.13,454.56,0,0.0
573,1567.0,0.3456364390555201,0.24847812360739024,0.0667,0.24225,0.2934,0.3669,2.1967,0,0.0
574,1567.0,9.16231499680919,26.920150379391046,1.0395,2.56785,2.9758,3.4925,170.0204,0,0.0
575,1567.0,0.10472916400765793,0.0677911184842199,0.023,0.0751,0.0895,0.11215,0.5502,0,0.0
576,1567.0,5.563746522016593,16.921368702380114,0.6636,1.40845,1.6245,1.902,90.4235,0,0.0
577,1567.0,16.642362858966177,12.485266987951567,4.582,11.50155,13.8179,17.0809,96.9601,0,0.0
582,1566.0,0.5000961685823755,0.0034043251020306237,0.4778,0.4979,0.5002,0.502375,0.5098,1,0.06381620931716657
583,1566.0,0.015317752234993615,0.017179920787564994,0.006,0.0116,0.0138,0.0165,0.4766,1,0.06381620931716657
584,1566.0,0.0038465517241379307,0.0037204448855646523,0.0017,0.0031,0.0036,0.0041,0.1045,1,0.06381620931716657
585,1566.0,3.067826372924649,3.5780331508705934,1.1975,2.3065,2.75765,3.295175,99.3032,1,0.06381620931716657
586,1566.0,0.021458429118773943,0.012358175980665352,-0.0169,0.013425,0.0205,0.0276,0.1028,1,0.06381620931716657
587,1566.0,0.016474904214559386,0.008807535393245906,0.0032,0.0106,0.0148,0.0203,0.0799,1,0.06381620931716657
588,1566.0,0.005283333333333332,0.0028670715096651396,0.001,0.0033,0.0046,0.0064,0.0286,1,0.06381620931716657
589,1566.0,99.67006634738186,93.89191941652177,0.0,44.3686,71.9005,114.7497,737.3048,1,0.06381620931716657
