Feature,Importance
103,0.03201931248092472
59,0.027592264405012883
477,0.023027589969794718
510,0.017602165222717507
519,0.0169556642255814
205,0.01664123380508443
21,0.01593562996763424
488,0.015483159434767321
180,0.015080350634152365
64,0.015075516252090602
351,0.014981196393185403
333,0.014043091207750373
130,0.014006058031205394
183,0.013988539798771899
281,0.013753315723361444
65,0.013374781442959869
319,0.013323465793828426
247,0.013290759512349808
341,0.01306856212086393
213,0.012629030295137228
455,0.01237673259212304
129,0.012356457694327257
577,0.01219417853580295
31,0.011627934191842465
316,0.011599450993679669
14,0.011592504488226362
423,0.011574999671511575
79,0.011556922109128339
125,0.011526696871552994
452,0.011199074236965475
573,0.011030078073792285
310,0.011017732426738541
280,0.010403933322699158
121,0.010373190409419097
58,0.01034089570020811
469,0.0103174861270819
575,0.010185930778086104
75,0.010148547477616204
348,0.009995217310021658
200,0.009979204876904388
433,0.00991820026768725
124,0.009914417791690914
146,0.009873498158854603
298,0.009826647672629248
587,0.00982460806031098
28,0.009511017931629562
122,0.009497606585141429
126,0.009452088307637945
100,0.009425767448573598
127,0.009215155328433393
78,0.009209891106827173
164,0.009199983340053737
431,0.009127713276243225
203,0.008863264561053125
227,0.00879859399545027
430,0.008787358410325278
123,0.008774653127397442
295,0.008537781335323208
99,0.008466166576115824
460,0.008441455007069667
210,0.008339704170271217
68,0.00833273048420354
56,0.008282990257957397
22,0.008244332978770075
197,0.00820579917005004
471,0.00812009448952792
70,0.008019393272943367
196,0.00800424193931655
294,0.007876270565663798
175,0.007750709701571505
159,0.007707916147931017
138,0.007697263893658535
63,0.007573853919637111
550,0.0075564089613303
475,0.007534721402038278
199,0.007534004784718914
26,0.007477382872753222
365,0.007370730222604392
411,0.007340415651622505
160,0.007226633850646082
66,0.0071971010765388
436,0.007154274911954943
435,0.006987758843105134
511,0.006922097906339374
437,0.006863033586519106
446,0.006766858425603191
556,0.006709677830611971
104,0.0065765169591945035
434,0.006553412601065652
163,0.006409735867317857
562,0.0062709582398545495
499,0.00582458274147334
95,0.005472511948881903
337,0.005425937562155405
551,0.004859407815103258
554,0.004635668499295417
557,0.004278636978100643
114,0.0006577573868432052
249,0.00017405422731992188
387,0.00012969496215688538
